epoch,steps,cosine_pearson,cosine_spearman,euclidean_pearson,euclidean_spearman,manhattan_pearson,manhattan_spearman,dot_pearson,dot_spearman
-1,-1,0.7311815781405523,0.7,0.7496134645873409,0.7,0.7440107988545115,0.6,0.73118175566809,0.7
-1,-1,0.7463407966146629,0.7999999999999999,0.7592380598802199,0.7999999999999999,0.7475379067038609,0.7999999999999999,0.7463412670178408,0.7999999999999999
